-- -- -- --   INSERÇÃO DE DADOS NO BANCO --
-- -- -- -- -- -- -- -- -- -- -- OFICINA --

USE OFICINA;

-- CPF,NOME,ESPECIALIZACAO (ENUM),TURNO_TRABALHO (ENUM),VALOR_HORA
INSERT INTO MECANICOS (CPF,NOME,ESPECIALIZACAO,TURNO_TRABALHO,VALOR_HORA) VALUES
	(12345678910,'KEANU REEVES','MECANICA',DEFAULT,35),
    (12345678911,'CARRIE-ANNE MOSS','MECANICA',DEFAULT,35),
    (98765432110,'LAURENCE FISHBURNE','SUSPENSAO',DEFAULT,30),
    (78945612310,'GLORIA FOSTER','VIDRO','M',50);

-- NOME_PECA,CODIGO_PECA,QUANTIDADE_ESTOQUE,PRECO
INSERT INTO PECAS (NOME_PECA,CODIGO_PECA,QUANTIDADE_ESTOQUE,PRECO) VALUES
	('VALVULA','10102020VA',10,30),
    ('PISTAO','10102020PI',8,90),
    ('VELA','10102020VE',28,12),
    ('PARABRISA','31502020PA',4,300),
    ('AMORTECEDOR','54322020AM',10,110),
    ('CABECOTE','10102020CA',3,450),
    ('MOTOR','10102020MO',2,2700),
    ('JUNTA CABECOTE','10102020JU',6,55),
    ('BORRACHA PARABRISA','31502020BO',7,32);

-- NOME,ENDERECO,TELEFONE,EMAIL,DATA_NASCIMENTO
INSERT INTO CLIENTES (NOME,ENDERECO,TELEFONE,EMAIL,DATA_NASCIMENTO) VALUES
	('JENNIFER ANISTON','RUA A,ESQUINA DA GROOVE ST COM BEDFORD ST N30','21 988771122','JENI@CONTACT.COM','1990-01-01'),
    ('COURTENEY COX','RUA A,ESQUINA DA GROOVE ST COM BEDFORD ST N30','21 988512378','COURT@CONTACT.COM','1987-05-12'),
    ('MATT LEBLANC','RUA A,ESQUINA DA GROOVE ST COM BEDFORD ST N70','21 976149822','MATT@CONTACT.COM','1994-11-23'),
    ('DAVID SCHWIMMER','RUA K,WALL STREET ST,N30 - NEW YORK','21 942961344','DAVID@CONTACT.COM','1988-04-18');

-- ID_CLIENTE,MARCA,MODELO,COR,ANO_FABRICACAO,PLACA
INSERT INTO VEICULOS (ID_CLIENTE,MARCA,MODELO,COR,ANO_FABRICACAO,PLACA) VALUES
	(1,'FERRARI','1.0 TURBO','VERMELHO',1998,'KP182NS'),
    (1,'TESLA','ELETRICO','VERMELHO',2021,'JM103NA'),
    (1,'AUDI','1.0 TURBO','AZUL',1998,'KL272NS'),
    (2,'FERRARI','1.6 TDX','VERMELHO',1998,'KA131MS'),
    (3,'FERRARI','ELETRICO','AMARELO',2021,'MU101NS'),
    (3,'AUDI','2.5 ADVANCED','VERMELHO',2007,'KL199NS'),
    (4,'FERRARI','1.6 TDX','AMARELO',2008,'BE191NK'),
    (4,'FERRARI','1.0 TURBO','VERMELHO',1998,'VA972OS'),
    (4,'TESLA','ELETRICO','AZUL',2023,'ZZ142PA');

-- ID_VEICULO,DATA_ABERTURA,DATA_CONCLUSAO_ESTIMADA,DATA_FINALICAO,DESC_PROBLEMA,VALOR ESTIMADO,STATUS (ENUM)
INSERT INTO ORDENS_SERVICO (ID_VEICULO,DATA_ABERTURA,DATA_CONCLUSAO_ESTIMADA,DATA_FINALIZACAO,DESC_PROBLEMA,VALOR_ESTIMADO,STATUS) VALUES
	(1,'2020-05-10','2020-05-10','2020-05-10','RANGENDO AO PASSAR EM QUEBRA-MOLAS',650,'FINALIZADO'),
    (2,'2020-05-10','2020-05-10','2020-05-11','RANGENDO AO PASSAR EM QUEBRA-MOLAS',1100,'FINALIZADO'),
    (2,'2020-05-13','2020-05-14','2020-05-14','BARULHO CONTINUA MESMO APOS REPARO NOS AMORTECEDORES - ERRO',0,'FINALIZADO'),
    (3,'2020-05-10','2020-05-13','2020-05-14','OLEO DIMINUINDO DE MANEIRA ACELERADA',700,'FINALIZADO'),
    (7,'2020-05-10','2020-05-15','2020-05-17','CARRO PERDENDO MUITA POTENCIA',2100,'FINALIZADO'),
    (8,'2020-05-10','2020-05-10','2020-05-10','ENTRANDO AGUA NA CABINE DO CARRO',500,'FINALIZADO'),
    (8,'2020-05-12','2020-05-13','2020-05-13','CONTINUA ENTRANDO AGUA MESMO APOS TROCA DO PARABRISAS - ERRO',0,'FINALIZADO'),
    (8,'2020-05-13','2020-05-15',NULL,'INFILTRACAO DE AGUA AUMENTOU - ERRO',0,'EM MANUTENCAO'),
    (1,'2020-05-12','2020-05-12',NULL,'OLEO DIMINUINDO DE MANEIRA ACELERADA',105,'EM MANUTENCAO'),
    (3,'2020-05-13','2020-05-13',NULL,'CARRO PERDENDO MUITA POTENCIA',105,'EM AVALIACAO'),
    (4,'2020-05-11','2020-05-11','2020-05-12','CARRO PERDENDO MUITA POTENCIA',105,'FINALIZADO'),
    (4,'2020-05-13','2020-05-13',NULL,'CARRO CONTINUA COM POUCA POTENCIA MESMO APOS TROCA DAS VELAS - ERRO',0,'EM AVALIACAO'),
    (5,'2020-05-11','2020-05-11','2020-05-11','OLEO DIMINUINDO DE MANEIRA ACELERADA',105,'FINALIZADO'),
    (9,'2020-05-11','2020-05-11','2020-05-13','RANGENDO AO PASSAR EM QUEBRA-MOLAS',1100,'FINALIZADO');

-- NOME_SERVICO,PRECO,TEMPO_ESTIMADO_HS
INSERT INTO LISTA_SERVICOS (NOME_SERVICO,PRECO,TEMPO_ESTIMADO_HS) VALUES
	('BASICO I',70,1),
    ('BASICO II',100,2),
    ('BASICO III',120,3),
    ('INTERMEDIARIO I',150,4),
    ('INTERMEDIARIO II',180,7),
    ('INTERMEDIARIO III',210,10),
    ('AVANÇADO I',250,12),
    ('AVANÇADO II',290,15),
    ('AVANÇADO III',380,20),
    ('ESPECIALIZADO I',550,24);

-- ID_ORDEM,DESC_SERVICO,PRECO
INSERT INTO EXECUCAO (ID_ORDEM,DESC_SERVICO,PRECO) VALUES
	(1,'REPARO NOS AMORTECEDORES',450),
    (2,'REPARO NOS AMORTECEDORES',1050),
    (3,'REVISAO NOS AMORTECEDORES - ERRO',0),
    (4,'SUBSTITUICAO DE CABECOTE',850),
    (5,'RETIFICA DE MOTOR',3200),
    (6,'TROCA DE PARABRISAS',500),
    (7,'RECOLOCAR PARABRISAS - ERRO',0),
    (8,'RECOLOCAR PARABRISAS - ERRO',0),
    (9,'TROCA DE JUNTA DO CABECOTE',105),
    (10,'TROCA DE VELAS DE IGNICAO',125),
    (11,'TROCA DE VELAS DE IGNICAO',120),
    (12,'REVISAO DAS VELAS DE IGNICAO - ERRO',0),
    (13,'TROCA DE JUNTA DO CABECOTE',105),
    (14,'REPARO NOS AMORTECEDORES',1350);

-- ID_MECANICO,ID_EXECUCAO
INSERT INTO MECANICOS_EXECUCAO (ID_MECANICO,ID_EXECUCAO) VALUES
	(3,1),
    (3,2),
    (3,3),
    (1,4),
    (2,5),
    (4,6),
    (4,7),
    (4,8),
    (1,9),
    (1,10),
    (2,11),
    (2,12),
    (1,13),
    (3,14);

-- ID_PECA,ID_EXECUCAO
INSERT INTO PECAS_EXECUCAO (ID_PECA,ID_EXECUCAO,QUANTIDADE) VALUES
	(5,1,2),
    (5,2,4),
    (NULL,3,NULL),
    (6,4,1),
    (8,4,1),
    (2,5,4),
    (6,5,1),
    (8,5,1),
    (1,5,8),
    (4,6,1),
    (9,6,1),
    (NULL,7,NULL),
    (NULL,8,NULL),
    (8,9,1),
    (3,10,4),
    (3,11,4),
    (NULL,12,NULL),
    (8,13,1),
    (5,2,4);

-- ID_SERVICO,ID_EXECUCAO
INSERT INTO SERVICOS_EXECUCAO (ID_SERVICO,ID_EXECUCAO) VALUES
	(4,1),
    (8,2),
    (7,3),
    (8,4),
    (9,5),
    (9,5),
    (5,6),
    (6,7),
    (6,8),
    (5,9),
    (3,10),
    (3,11),
    (4,12),
    (5,13),
    (8,14);